{"cameraMode":{"drawMode":0,"name":"Shaded","section":"Shading Mode"},"sceneLighting":true,"audioPlay":false,"sceneViewState":{"m_AlwaysRefresh":false,"showFog":true,"showSkybox":true,"showFlares":true,"showImageEffects":true,"showParticleSystems":true,"showVisualEffectGraphs":true,"m_FxEnabled":true},"in2DMode":false,"pivot":{"x":-10.840499877929688,"y":1.533247709274292,"z":3.594611167907715},"rotation":{"x":-0.27682897448539736,"y":0.14450305700302125,"z":-0.04214901849627495,"w":-0.9490727186203003},"size":12.669951438903809,"orthographic":false}