{"cameraMode":{"drawMode":0,"name":"Shaded","section":"Shading Mode"},"sceneLighting":false,"audioPlay":false,"sceneViewState":{"m_AlwaysRefresh":false,"showFog":true,"showSkybox":false,"showFlares":true,"showImageEffects":true,"showParticleSystems":true,"showVisualEffectGraphs":true,"m_FxEnabled":true},"in2DMode":false,"pivot":{"x":-1.734954833984375,"y":13.38084602355957,"z":-44.986228942871097},"rotation":{"x":0.35163769125938418,"y":-0.14611108601093293,"z":0.055666372179985049,"w":0.9229913949966431},"size":10.57044792175293,"orthographic":false}